{"RUSH_SPAWN": {"successes": 0, "failures": 4, "weight": 0.20000000000000007, "tier": 1}, "CAMP_TRAPS": {"successes": 3, "failures": 5, "weight": 2.499999999999999, "tier": 1}, "PATROL_KEYS": {"successes": 3, "failures": 7, "weight": 2.0999999999999988, "tier": 1}}